Workbook

Sheet Identificacao
A1: ID | B1: Município | C1: Região | D1: Porte Populacional | E1: Link do Portal | F1: Última Atualização dos Dados | G1: Coletor(a) | H1: Data da Avaliação

Sheet Matriz_44_Pontos
A1: Nº | B1: Dimensão | C1: Subcritério de Avaliação | D1: Descrição | E1: Município 1 | F1: Município 2 | G1: Município 3 | H1: Município 4 | I1: Município 5 | J1: Município 6 | K1: Município 7 | L1: Município 8 | M1: Município 9 | N1: Município 10 | O1: Município 11 | P1: Município 12
A2: 1 | B2: Acesso e Disponibilidade | C2: Acesso público | D2: Dados disponíveis sem autenticação ou login
A3: 2 | B3: Acesso e Disponibilidade | C3: Link funcional | D3: Links de download acessíveis e atualizados
A4: 3 | B4: Acesso e Disponibilidade | C4: Download direto | D4: Permite download direto sem captcha
A5: 4 | B5: Acesso e Disponibilidade | C5: Transparência ativa | D5: Publicação sem necessidade de solicitação
A6: 5 | B6: Acesso e Disponibilidade | C6: Dados históricos | D6: Disponibiliza anos anteriores
A7: 6 | B7: Acesso e Disponibilidade | C7: Clareza da origem | D7: Identifica órgão responsável e fonte dos dados
A8: 7 | B8: Formato e Estrutura | C8: Formato aberto | D8: Dados em CSV, JSON, XML ou RDF
A9: 8 | B9: Formato e Estrutura | C9: Estrutura tabular | D9: Colunas e dados padronizados
A10: 9 | B10: Formato e Estrutura | C10: Identificadores únicos | D10: Presença de chaves de identificação
A11: 10 | B11: Formato e Estrutura | C11: Separadores consistentes | D11: Uso consistente de delimitadores
A12: 11 | B12: Formato e Estrutura | C12: Codificação padrão | D12: UTF-8 ou outro padrão interoperável
A13: 12 | B13: Formato e Estrutura | C13: Documentação do formato | D13: Indicação de formato e estrutura em metadados
... A45: 44 | B45: Sustentabilidade e Governança | C45: Manutenção contínua | D45: Evidência de atualização permanente

Sheet Resultados_IMAD
A1: Município | B1: Total de Pontos (máx. 220) | C1: IMAD (%) | D1: Nível de Maturidade | E1: Observações
B2: =SUM(Matriz_44_Pontos!E2:E45) -> 0 | C2: =ROUND(B2/220,3) -> 0 | D2: =IF(C2>=0.71,"Alto",IF(C2>=0.41,"Médio","Baixo")) -> Baixo
B3: =SUM(Matriz_44_Pontos!E2:E45) -> 0 | C3: =ROUND(B3/220,3) -> 0 | D3: =IF(C3>=0.71,"Alto",IF(C3>=0.41,"Médio","Baixo")) -> Baixo
B4: =SUM(Matriz_44_Pontos!E2:E45) -> 0 | C4: =ROUND(B4/220,3) -> 0 | D4: =IF(C4>=0.71,"Alto",IF(C4>=0.41,"Médio","Baixo")) -> Baixo
B5: =SUM(Matriz_44_Pontos!E2:E45) -> 0 | C5: =ROUND(B5/220,3) -> 0 | D5: =IF(C5>=0.71,"Alto",IF(C5>=0.41,"Médio","Baixo")) -> Baixo
B6: =SUM(Matriz_44_Pontos!E2:E45) -> 0 | C6: =ROUND(B6/220,3) -> 0 | D6: =IF(C6>=0.71,"Alto",IF(C6>=0.41,"Médio","Baixo")) -> Baixo
B7: =SUM(Matriz_44_Pontos!E2:E45) -> 0 | C7: =ROUND(B7/220,3) -> 0 | D7: =IF(C7>=0.71,"Alto",IF(C7>=0.41,"Médio","Baixo")) -> Baixo
B8: =SUM(Matriz_44_Pontos!E2:E45) -> 0 | C8: =ROUND(B8/220,3) -> 0 | D8: =IF(C8>=0.71,"Alto",IF(C8>=0.41,"Médio","Baixo")) -> Baixo
B9: =SUM(Matriz_44_Pontos!E2:E45) -> 0 | C9: =ROUND(B9/220,3) -> 0 | D9: =IF(C9>=0.71,"Alto",IF(C9>=0.41,"Médio","Baixo")) -> Baixo
B10: =SUM(Matriz_44_Pontos!E2:E45) -> 0 | C10: =ROUND(B10/220,3) -> 0 | D10: =IF(C10>=0.71,"Alto",IF(C10>=0.41,"Médio","Baixo")) -> Baixo
B11: =SUM(Matriz_44_Pontos!E2:E45) -> 0 | C11: =ROUND(B11/220,3) -> 0 | D11: =IF(C11>=0.71,"Alto",IF(C11>=0.41,"Médio","Baixo")) -> Baixo
B12: =SUM(Matriz_44_Pontos!E2:E45) -> 0 | C12: =ROUND(B12/220,3) -> 0 | D12: =IF(C12>=0.71,"Alto",IF(C12>=0.41,"Médio","Baixo")) -> Baixo
B13: =SUM(Matriz_44_Pontos!E2:E45) -> 0 | C13: =ROUND(B13/220,3) -> 0 | D13: =IF(C13>=0.71,"Alto",IF(C13>=0.41,"Médio","Baixo")) -> Baixo

Sheet Evidencias
A1: Município | B1: Evidência (print/link) | C1: Observações Técnicas | D1: Boas Práticas | E1: Limitações Identificadas
